ID,Agent,LCity,BZip,County
146351,Smoker Friendly #42,Hurricane,25526,PUTNAM
146352,A & P Stop,Gallipolis Ferry,25515,MASON
146353,Little General  #7555,Beckley,25802,RALEIGH
146341,Speedway #9381,Parkersburg,26101,WOOD
146355,Hardys Mini Mart,Beaver,25813,RALEIGH
146347,Piedmont Pit Stop Llc,Piedmont,26750,MINERAL
146339,Mj Mart,Bluefield,24701,MERCER
146358,7-Eleven #28309a,Charles Town,25414,JEFFERSON
146359,Sheetz #547,Huntington,25703,CABELL
146360,Sheetz #546,Martinsburg,25405,BERKELEY
146362,Jersey'S I,Danville,25053,BOONE
146357,Fast Stop,Princeton,24740,MERCER
146369,Go Mart #119,White Sulphur Springs,24986,GREENBRIER
146365,New Pickaway Llc,Sinks Grove,24976,MONROE
146371,Ruff Creek Markets #1715,Moundsville,26041,MARSHALL
146366,Same Old Place #60,Huntington,25705,CABELL
146370,Jersey'S Ii,Logan,25601,LOGAN
146375,Jakhrani Exxon Llc,Smithers,25186,FAYETTE
146368,Jody'S Place Ii,South Charleston,25309,KANAWHA
146363,The Castle,Fairmont,26554,MARION
146372,Tg'S Lounge & Cafe,Fairmont,26554,MARION
146367,Same Old Place (Poca Location),Poca,25159,PUTNAM
146373,R & R Hot Spot,Morgantown,26501,MONONGALIA
146377,La Rae'S,Huntington,25705,CABELL
146381,Go Mart #120,Summersville,26651,NICHOLAS
146378,New Front Room Bar & Grill Llc,Logan,25601,LOGAN
146374,Pipestem One-Stop Llc,Athens,24712,MERCER
146384,B & S Food Mart,West Milford,26451,HARRISON
146382,Uncle Charlie'S,Clarksburg,26301,HARRISON
146380,Route 3 Company Store & Diner,Whitesville,25209,BOONE
146389,Go Mart #123,Paden City,26159,WETZEL
146390,The Loading Zone #700,Wellsburg,26070,BROOKE
146391,Prichard Mart & Deli,Prichard,25555,WAYNE
146395,Gus'S Mart,Hurricane,25526,PUTNAM
146394,Bfs Foods  #77,Clarksburg,26301,HARRISON
146396,Tomlinson'S Union Country Stor,Union,24983,MONROE
146388,Ruby'S,Martinsburg,25404,BERKELEY
146398,Go Mart #115,Parkersburg,26101,WOOD
146387,Ac General Store,Mount Storm,26739,GRANT
146385,Stoney Creek Country Store,Great Cacapon,25422,MORGAN
146399,U-Save #2 Food Stores Inc,Summersville,26651,NICHOLAS
146401,Sheetz #561,Beckley,25801,RALEIGH
146408,Sheetz #556,Morgantown,26505,MONONGALIA
146402,"Hersman Pit Stop, Llc",Mount Zion,26151,CALHOUN
146407,Summersville Exxon,Summersville,26651,NICHOLAS
146403,Penny'S Kwik Stop Inc,Iaeger,24844,MCDOWELL
146386,The Loading Zone #600,Triadelphia,26059,OHIO
146404,Texas Jim #5,Hurricane,25526,PUTNAM
146413,Sheetz #563,Elkins,26241,RANDOLPH
146409,Daddy Lou'S Pub,Keyser,26726,MINERAL
146411,East Fairmont Shop N Save,Fairmont,26554,MARION
146400,Ruby'S,Martinsburg,25404,BERKELEY
146405,Mossy T & C,Scarbro,25917,FAYETTE
146406,Riffe'S One Stop,Lindside,24951,MONROE
146414,Jeanie'S Hot Spot,Elkins,26241,RANDOLPH
146415,Pit Stop,Fort Gay,25514,WAYNE
146416,Christine'S Hot Spot Lounge #6,Clarksburg,26301,HARRISON
146417,Black Bear Express,Anmoore,26323,HARRISON
146379,Quick Grabs,Fairmont,26554,MARION
146420,Little General #7570,South Charleston,25309,KANAWHA
146425,M & C Market,Rock,24747,MERCER
146422,Go Mart #122,Parkersburg,26101,WOOD
146419,Wheeling Post #1,Wheeling,26003,OHIO
146424,Rt 119 Quick Stop,Gandeeville,25243,ROANE
146426,Lea'S Place Llc,Bridgeport,26330,HARRISON
146428,Patterson Creek Liberty Llc,Petersburg,26847,GRANT
146430,Peps Mini Mart,Follansbee,26037,BROOKE
146421,Fork Creek Mini Mart Llc,Nellis,25142,BOONE
146427,Ez Mart #1,Oak Hill,25901,FAYETTE
146431,Smoker Friendly #43,Glenville,26351,GILMER
146429,Kwick Stop Inc,Belle,25015,KANAWHA
146432,Alexander Mart,Smithers,25186,FAYETTE
146433,Grandview Exxon Llc,Beaver,25813,RALEIGH
146423,Smart Stop,Oak Hill,25901,FAYETTE
146434,Phillips Stores Llc,Lerona,25971,MERCER
146436,Little General #7575,Morgantown,26505,MONONGALIA
146437,Little General #7580,Morgantown,26505,MONONGALIA
146438,Curby'S Two,New Martinsville,26155,WETZEL
146446,Deerfield Express,Fairmont,26554,MARION
146440,Emerson Perk Front Row,Parkersburg,26101,WOOD
146441,Gary'S Always Hot #3,Parkersburg,26101,WOOD
146449,Speedway #9384,Culloden,25510,CABELL
146435,Julia'S W,Martinsburg,25403,BERKELEY
146447,Sheetz #584,Ripley,25271,JACKSON
146443,Christines Hot Spot Lounge #9,Buckhannon,26201,UPSHUR
146451,7-Eleven #34688a,Ranson,25438,JEFFERSON
146450,Riverside Exxon,Alderson,24910,GREENBRIER
146445,Corner Grill & Bar,Triadelphia,26059,OHIO
146442,Christines Hot Spot Lounge #8,Clarksburg,26301,HARRISON
146454,Sheetz #585,South Charleston,25309,KANAWHA
146448,Sheetz #575,Morgantown,26505,MONONGALIA
146444,Bree'S Sports Bar & Perk,Parkersburg,26101,WOOD
146452,7-Eleven #28320b,Falling Waters,25419,BERKELEY
146457,7-Eleven #28303a,Berkeley Springs,25411,MORGAN
146456,Little General #7560,Beaver,25813,RALEIGH
146455,Ez Mart #2,Lewisburg,24901,GREENBRIER
146458,Pifer'S Market,Mineral Wells,26150,WOOD
146439,Jessica'S Place,Huntington,25705,CABELL
146460,Stop In Food Stores #8098,Crawley,24931,GREENBRIER
146461,Stop In Food Stores #8211,Lewisburg,24901,GREENBRIER
146462,Stop In Food Stores #8140,Ronceverte,24970,GREENBRIER
146465,Speedway #3956,Elkins,26241,RANDOLPH
146459,Cold Spot,Charleston,25313,KANAWHA
146463,Express Market,East Bank,25067,KANAWHA
146466,7-Eleven #18665a,Kearneysville,25430,JEFFERSON
146470,Bfs Foods #79,Buckhannon,26201,UPSHUR
146471,Grade Road Station Llc,Falling Waters,25419,BERKELEY
146473,Bfs Foods #78,Parkersburg,26104,WOOD
146474,7-Eleven #10673a,Ranson,25438,JEFFERSON
146475,Richwood Mini Mart,Morgantown,26505,MONONGALIA
146478,Turnoutz V Lp,Roanoke,23234,CHESTERFIELD
146468,Kountry Mart,Mount Lookout,26678,NICHOLAS
146464,The Lighthouse,Huntington,25702,CABELL
146469,Paradise Food Mart,Wheeling,26003,OHIO
146480,Julian Mini-Mart,Julian,25529,BOONE
146483,Par Mar #15,Belle,25015,KANAWHA
146487,White Sulphur Shell,White Sulphur Springs,24986,GREENBRIER
146488,Lewisburg Exxon,Lewisburg,24901,GREENBRIER
146484,Chester Beverage Drive-Thru,Chester,26034,HANCOCK
146477,Eagle Mart,Hedgesville,25427,BERKELEY
146490,7-Eleven #20685a,Shepherdstown,25443,JEFFERSON
146486,Creekside One Stop,Burlington,26710,MINERAL
146491,Smith Oil #207,Wheeling,26003,OHIO
146495,One Stop #8130,Delbarton,25670,MINGO
146496,One Stop #8520,Kenna,25248,JACKSON
146497,One Stop #8132,Delbarton,25670,MINGO
146498,One Stop #8538,Delbarton,25670,MINGO
146499,One Stop #8108,Beckley,25801,RALEIGH
146500,One Stop #8533,Daniels,25832,RALEIGH
146501,One Stop #8006,Whitesville,25209,BOONE
146502,One Stop #8133,Sophia,25921,RALEIGH
146503,One Stop #8013,Beckley,25801,RALEIGH
146504,One Stop #8522,Charleston,25314,KANAWHA
146505,One Stop #8534,Ashford,25009,BOONE
146506,One Stop #8107,Foster,25081,BOONE
146507,One Stop #8128,Turtle Creek,25203,BOONE
146508,One Stop #8111,Charleston,25302,KANAWHA
146509,One Stop #8508,Charleston,25311,KANAWHA
146510,One Stop #8109,South Charleston,25309,KANAWHA
146511,One Stop #8514,Charleston,25302,KANAWHA
146512,One Stop #8101,South Charleston,25303,KANAWHA
146513,One Stop #8129,Charleston,25312,KANAWHA
146479,Spanky'S Quick Stop,Valley Bend,26293,RANDOLPH
146514,One Stop #8135,Nitro,25143,KANAWHA
146515,One Stop #8512,Bridgeport,26330,HARRISON
146516,One Stop #8027,Poca,25159,PUTNAM
146517,One Stop #8513,Morgantown,26501,MONONGALIA
146518,One Stop #8110,Logan,25601,LOGAN
146519,One Stop #8531,Princeton,24740,MERCER
146520,One Stop #8536,Fairmont,26554,MARION
146521,One Stop #8007,Oak Hill,25901,FAYETTE
146522,One Stop #8535,Omar,25638,LOGAN
146523,One Stop #8102,Saint Albans,25177,KANAWHA
146524,One Stop #8126,Rainelle,25962,GREENBRIER
146525,One Stop #8537,Cabin Creek,25035,KANAWHA
146526,One Stop #8131,Alum Creek,25003,KANAWHA
146527,One Stop #8103,Charleston,25313,KANAWHA
146528,One Stop #516,Huntington,25705,CABELL
146529,One Stop #530,Huntington,25705,CABELL
146530,One Stop #501,Huntington,25701,CABELL
146531,One Stop #532,Milton,25541,CABELL
146532,One Stop #8115,Charleston,25304,KANAWHA
146533,One Stop #8517,South Charleston,25309,KANAWHA
146534,One Stop #8507,South Charleston,25303,KANAWHA
146492,Brittany'S Place,Huntington,25701,CABELL
146494,Convenient Food Mart #3890,Weirton,26062,HANCOCK
146489,Mimi'S Elkview,Elkview,25071,KANAWHA
146485,Ginger'S Inc,Fort Gay,25514,WAYNE
146538,Mountaineer Grill & Pub,Martinsburg,25404,BERKELEY
146539,Smith Oil Inc,New Cumberland,26047,HANCOCK
146536,"Scarbro Market, Llc",Scarbro,25917,FAYETTE
146537,Mill Creek Pub,Mill Creek,26280,RANDOLPH
146542,The Holiday Room,Weirton,26062,HANCOCK
146543,Brushy Fork Mart Llc,Buckhannon,26201,UPSHUR
146540,Stogie'S #4,Barboursville,25504,CABELL
146544,Hmcsc,Barboursville,25504,CABELL
146535,Burlington General Store,Burlington,26710,MINERAL
146545,Sheetz #604,Morgantown,26508,MONONGALIA
146546,One Stop #8134,Caldwell,24925,GREENBRIER
146547,Par Mar #69,Athens,24712,MERCER
146548,Par Mar #54,Milton,25541,CABELL
146549,Par Mar #53,Franklin,26807,PENDLETON
146551,Belmont Hot Spot,Fairmont,26554,MARION
146550,7-Eleven #28315a,Harpers Ferry,25425,JEFFERSON
146552,Kwik Chek,Martinsburg,25401,BERKELEY
146541,Mtb Quik Stop,Martinsburg,25401,BERKELEY
146555,Village Hot Spot,Clarksburg,26301,HARRISON
146556,Bridgeport Shop N Save,Bridgeport,26330,HARRISON
146554,Winfield Quick Stop,Winfield,25213,PUTNAM
146557,Ez Mart 3,Caldwell,24925,GREENBRIER
146558,Ez Mart 4,White Sulphur Springs,24986,GREENBRIER
146559,Ez Mart 5,Meadow Bridge,25976,FAYETTE
146566,Bryant'S Grocery,Verdunville,25649,LOGAN
146560,Barn Store,Gap Mills,24941,MONROE
146563,"Tunnelton Quik Stop, Llc",Tunnelton,26444,PRESTON
146553,Blue Knights West Virginia Ii,Clarksburg,26301,HARRISON
146467,Tracy'S Corner Grocery,Gerrardstown,25420,BERKELEY
146567,White'S Valley View Market Llc,Chester,26034,HANCOCK
146568,Traver'S Country Store,Hedgesville,25427,BERKELEY
146570,Little General #7590,Hernshaw,25107,KANAWHA
146571,Shop N Save #1189-2873,Martinsburg,25401,BERKELEY
146572,Shop N Save #2119-2880,Kearneysville,25430,JEFFERSON
146573,Shop N Save #965-2866,Hedgesville,25427,BERKELEY
146574,Shop N Save #2568-2881,Martinsburg,25401,BERKELEY
146575,Par Mar #70,Lookout,25868,FAYETTE
146576,Par Mar #71,Hico,25854,FAYETTE
146577,Par Mar #72,Mount Hope,25880,FAYETTE
146578,Par Mar #73,Charleston,25365,KANAWHA
146579,Brandywine General Store Llc,Brandywine,26802,PENDLETON
146581,Par Mar #74,Green Bank,24944,POCAHONTAS
146583,"Shop 'N Save East, Llc",Eden Prairie,55344,HENNEPIN
146569,Sheetz #612,Charleston,25313,KANAWHA
146582,South Branch Station,Moorefield,26836,HARDY
146580,Jane Lew All Star Foods,Jane Lew,26378,LEWIS
146585,"Walmart Stores East, Lp",Keyser,26726,MINERAL
146586,Wal-Mart #2474 Fuel,Keyser,26726,MINERAL
146590,Little General #7585,Logan,25601,LOGAN
146587,Mavericks Hot Spot #1,Morgantown,26505,MONONGALIA
146588,Mavericks Hot Spot #3,Morgantown,26508,MONONGALIA
146584,7-Eleven #34915a,Petersburg,26847,GRANT
146594,Par Mar #77,Ravenswood,26164,JACKSON
146589,Maw & Paw'S Grab & Go,Delbarton,25670,MINGO
146591,5 Stop Welltown,Martinsburg,25404,BERKELEY
146592,Us Gas And Food,Huntington,25705,CABELL
146597,City Mart,Princeton,24740,MERCER
146595,Bfs Saltwell #81,Bridgeport,26330,HARRISON
146601,Terra-Petro #1,Beaver,25813,RALEIGH
146602,Terra-Petro #2,Beckley,25801,RALEIGH
146593,Par Mar #76,South Charleston,25309,KANAWHA
146606,One Stop,Huntington,25705,CABELL
146607,One Stop,Huntington,25705,CABELL
146608,One Stop,Milton,25541,CABELL
146609,One Stop,Huntington,25705,CABELL
146605,Xpress Stop - Augusta,Augusta,26704,HAMPSHIRE
146612,Sassy'S 1,South Charleston,25309,KANAWHA
146599,"Tanks N' Tummies, Llc",Pineville,24874,WYOMING
146610,Cheat Lake Exxon,Morgantown,26508,MONONGALIA
146598,"Astro Exxon, Llc",Fairmont,26554,MARION
146616,"Stokes Grocery, Inc.",Buffalo,25033,PUTNAM
146614,Little General #7595,Crawley,24931,GREENBRIER
146620,River Country Store & Deli,Harpers Ferry,25425,JEFFERSON
146619,C&K Diner & Mini-Mart Llc,Lost Creek,26385,HARRISON
146615,Xtreme Sports,Bridgeport,26330,HARRISON
146617,Penn'S Market,Powellton,25161,FAYETTE
146618,Millers Kwik Stop Llc,Mount Zion,26151,CALHOUN
146600,7-Eleven #35933a,Charleston,25314,KANAWHA
146613,Sheetz #625,Huntington,25701,CABELL
146622,7-Eleven #35913a,Barboursville,25504,CABELL
146621,Mavericks Hot Spot #2,Morgantown,26501,MONONGALIA
146604,Eller'S Kwik Stop,Northfork,24868,MCDOWELL
146623,7-Eleven #35927a,Hamlin,25523,LINCOLN
146631,Omps Grocery,Bloomery,26817,HAMPSHIRE
146640,Laxton'S Pic Pac,Avondale,24811,MCDOWELL
146634,7-Eleven #34915j,Petersburg,26847,GRANT
146639,Economart,Fairmont,26554,MARION
146641,Pineville Ez Stop,Pineville,24874,WYOMING
146629,Sheetz #626,Fairmont,26554,MARION
146645,Wvl Promo Terminal,Charleston,25327,KANAWHA
146644,Greenbrier Hotel Corp,White Sulphur Springs,24986,GREENBRIER
146628,Reedy Grocery & More Llc,Reedy,25270,ROANE
146643,Hatfield'S Enterprises Of Wv I,Hanover,24839,WYOMING
146625,K & M Sales And Services,Webster Springs,26288,WEBSTER
146646,Par Mar #80,Apple Grove,25502,MASON
146649,"Panther Mart, Llc",Williamson,25661,MINGO
146647,Par Mar #25,Morgantown,26505,MONONGALIA
146611,Fast Lane Tobacco #332,Kermit,25674,MINGO
146654,Walmart Supercenter Fuel Kiosk,Keyser,26726,MINERAL
146650,The Rock,Lindside,24951,MONROE
146626,Jakki'S,Inwood,25428,BERKELEY
146630,The Starting Gate Pub,Charles Town,25414,JEFFERSON
146655,Rocs Local Market 638,Martinsburg,25403,BERKELEY
146656,Arrowhead Deli,Bluefield,24701,MERCER
146653,Corner Store The,Piney View,25906,RALEIGH
146651,Bobby'S Blue Ridge Emporium,Harpers Ferry,25425,JEFFERSON
146652,Bland St Bill Pay Center Inc,Bluefield,24701,MERCER
146648,Corner Shop,Beckley,25801,RALEIGH
146660,Par Mar #84,Elkins,26241,RANDOLPH
146658,Rt 73 Tobacco Shop,Fairmont,26554,MARION
146659,R & S Tavern Inc.,Huntington,25701,CABELL
146642,Vance'S Carryout,Verdunville,25649,LOGAN
146661,Kompack 2,Clarksburg,26301,HARRISON
146666,Ez Mart,Ronceverte,24970,GREENBRIER
146669,7-Eleven 35940a,South Charleston,25309,KANAWHA
146662,Sheetz #640,Parkersburg,26101,WOOD
146668,Bfs Weirton #84,Weirton,26062,HANCOCK
146670,Smoker Friendly'S Big Apple Li,Inwood,25428,BERKELEY
146671,Rygan Llc,Martinsburg,25405,BERKELEY
146672,Village Hot Spot,Clarksburg,26301,HARRISON
146673,Uncle Charlie'S,Clarksburg,26301,HARRISON
146667,Camden Corner Market,Huntington,25704,WAYNE
146674,Dunbar Food Mart,Dunbar,25064,KANAWHA
146675,Sheetz #643,Parkersburg,26101,WOOD
146688,Wvl Charleston Town Center,Charleston,25302,KANAWHA
146682,U Save Food Stores,Canvas,26662,NICHOLAS
146683,Starz Hot Spot @ Osage,Osage,26543,MONONGALIA
146685,Starz Hot Spot @ Greenbag,Morgantown,26501,MONONGALIA
146690,Mardi Gras Casino And Resort,Charleston,25313,KANAWHA
146697,Buffalo Wild Wings,Morgantown,26505,MONONGALIA
146698,Buffalo Wild Wings,Morgantown,26501,MONONGALIA
146699,Buffalo Wild Wings,Charleston,25313,KANAWHA
146693,Buffalo Wild Wings,Buckhannon,26201,UPSHUR
146694,Buffalo Wild Wings,Mount Hope,25880,FAYETTE
146696,Buffalo Wild Wings,South Charleston,25309,KANAWHA
146705,Buffalo Wild Wings,Bridgeport,26330,HARRISON
146678,Bramwell Outpost,Freeman,24724,MERCER
146707,Grube Inc,Defiance,43512,DEFIANCE
146704,Par Mar #89,Mineral Wells,26150,WOOD
146687,State Line Cafe & Hot Spot Nor,Wellsburg,26070,BROOKE
146709,The Liquor Lair Llc,Man,25635,LOGAN
146718,Cargo Store,Northfork,24868,MCDOWELL
146706,Quick Stop,Princeton,24740,MERCER
146708,New Mart,Ridgeley,26753,MINERAL
146713,Par Mar Store #95,Fairmont,26554,MARION
146715,Par Mar Store #94,Cabin Creek,25035,KANAWHA
146724,Rutter'S #73,Inwood,25428,BERKELEY
146712,Tropics,Morgantown,26508,MONONGALIA
146692,Ashland Company Store Llc,Northfork,24868,MCDOWELL
146719,Three Wagging Tails Cafe,New Martinsville,26155,WETZEL
146720,Three Springs Cafe,Weirton,26062,HANCOCK
146721,Aunt Julie'S,Newell,26050,HANCOCK
146723,The Coffee Cup,New Martinsville,26155,WETZEL
146726,Hardestys Express Mart Llc,Shinnston,26431,HARRISON
146728,Burns Bait And Carryout,Elizabeth,26143,WIRT
146717,Sheetz #650,Triadelphia,26059,OHIO
146730,Par Mar Store #97,Saint Albans,25177,KANAWHA
146716,Par Mar Store #92,Smithers,25186,FAYETTE
146732,Tkm Customer Service Llc,Barboursville,25504,CABELL
146734,Smoker'S Paradise Inc,Ripley,25271,JACKSON
146735,Flat Iron Drug Store,Welch,24801,MCDOWELL
146736,Sheetz #650,Triadelphia,26059,OHIO
146737,Princeton Mart,Princeton,24740,MERCER
146738,Circle 5 Inc,Lewisburg,24901,GREENBRIER
146739,Par Mar Oil Company,Williamstown,26187,WOOD
146740,Mini Gaints Llc,Williamstown,26187,WOOD
146729,Par Mar Store #17,Hurricane,25526,PUTNAM
146742,Par Mar Store #100,Barboursville,25504,CABELL
146741,Par Mar Store #99,Williamstown,26187,WOOD
146743,Scarbro Market,Scarbro,25917,FAYETTE
146744,Grandview Exxon,Beaver,25813,RALEIGH
146745,Colony Drug Pharmacy,,25801,RALEIGH
146746,The Big Easy Lounge,Morgantown,26508,MONONGALIA
146725,Weirton - Bp,Weirton,26062,HANCOCK
146747,Wvl Lobby,,25302,KANAWHA
146748,Dawg Den,Wheeling,26003,OHIO
146749,7-Eleven #35933j,Charleston,25314,KANAWHA
146750,Uncle Pete'S Llc,Wheeling,26003,OHIO
146731,Par Mar Store #96,Charleston,25312,KANAWHA
146751,7-Eleven 34915b,Petersburg,26847,GRANT
146752,7-Eleven #35942h,South Charleston,25303,KANAWHA
146753,Bogey'S Bethany Pike Carryout,Wheeling,26003,OHIO
146755,High Life Lounge,Weston,26452,LEWIS
146756,High Life Lounge,Elkins,26241,RANDOLPH
146757,Pit Stop,Fort Gay,25514,WAYNE
146759,Lulu Mart,Huntington,25704,WAYNE
146761,Walmart Supercenter Fuel Kiosk,Elkins,26241,RANDOLPH
146760,Big Otter Food Mart #160,Ivydale,25113,CLAY
146758,Little General Store #7700,Huntington,25701,CABELL
146754,Par Mar #102,Bartow,24920,POCAHONTAS
146762,Jesse E-Z Stop Llc,Jesse,24849,WYOMING
146763,Walmart Supercenter Fuel Kiosk,Mason,25260,MASON
146764,Walmart Supercenter Fuel Kiosk,Lewisburg,24901,GREENBRIER
146765,Walmart Supercenter Fuel Kiosk,Huntington,25705,CABELL
146766,Walmart Supercenter Fuel Kiosk,Fairmont,26554,MARION
146767,Walmart Supercenter Fuel Kiosk,Weston,26452,LEWIS
146768,The Bears Den,,24915,POCAHONTAS
146770,Walmart  Supercenter Fuel Kios,Princeton,24739,MERCER
146771,Walmart Supercenter Fuel Kiosk,Parkersburg,26101,WOOD
146772,Walmart Supercenter Fuel Kiosk,New Martinsville,26155,WETZEL
146773,Walmart Supercenter Fuel Kiosk,Moundsville,26041,MARSHALL
146774,Par Mar #105,Williamstown,26187,WOOD
146775,7-Eleven   #16924a,Romney,26757,HAMPSHIRE
146776,7-Eleven  #17109a,Keyser,26726,MINERAL
146777,7-Eleven  #28317a,Wardensville,26851,HARDY
146778,7-Eleven  #28326a,Fort Ashby,26719,MINERAL
146785,Sheetz #660,Barboursville,25504,CABELL
146786,Mill Creek Pub,Mill Creek,26280,RANDOLPH
146783,7-Eleven #35915a,Saint Albans,25177,PUTNAM
146784,7-Eleven #35914a,Saint Albans,25177,KANAWHA
146779,7-Eleven #35943a,Rivesville,26588,MARION
146780,7-Eleven #35937a,Blacksville,26521,MONONGALIA
146781,7-Eleven #35946a,New Martinsville,26155,WETZEL
146782,7-Eleven #35944a,Mannington,26582,MARION
146787,Par Mar Store #1105,Williamstown,26187,WOOD
146789,Madelynn'S Hot Spot & Cafe,Morgantown,26501,MONONGALIA
146790,Stop Buy,Keyser,26726,MINERAL
146791,Sammy,Piedmont,26750,MINERAL
146788,Winston'S Hot Spot 2,Huntington,25705,CABELL
146792,Ismart,Beckley,25801,RALEIGH
146793,T & M Meats,Charleston,25313,KANAWHA
146794,Red Lightning,Red House,25168,PUTNAM
146795,Lucky Day,,26330,HARRISON
146796,Madelynn'S Hot Spot And Cafe I,Morgantown,26505,MONONGALIA
146799,Mnj Mart,Shrewsbury,25015,KANAWHA
146800,Saratoga Hot Spot Ii,Fairmont,26554,MARION
146797,Martin'S Food Market,Martinsburg,25401,BERKELEY
146798,Martin'S Food Market,Hedgesville,25427,BERKELEY
146801,Jack'S Sunoco,Huntington,25704,WAYNE
146802,Par Mar Store #106,Nitro,25143,KANAWHA
146804,Lakeside Market,Hanover,24839,WYOMING
146803,Hodgesville Mini Mart,Buckhannon,26201,UPSHUR
146805,Bfs Foods #87,Parsons,26287,TUCKER
146806,Coen Markets #1701,Valley Grove,26060,OHIO
146808,House Of Brews,Follansbee,26037,BROOKE
146809,Greg'S #1,Moundsville,26041,MARSHALL
146810,Greg'S Iii,Moundsville,26041,MARSHALL
146807,Bfs Foods #88,Morgantown,26505,MONONGALIA
146811,Adams Grocery,Lesage,25537,CABELL
146813,Middlebourne Galaxy Food Cente,Middlebourne,26149,TYLER
146814,Arrowhead Deli,Bluefield,24701,MERCER
146815,South Hills Golf Club,Parkersburg,26101,WOOD
146816,Forkers Sports Bar,Charleston,25313,KANAWHA
146817,Sunglass Way Llc,Charleston,25389,KANAWHA
146818,Black Bear Express Parkersburg,Parkersburg,26101,WOOD
146819,Par Mar Oil #116,Charleston,25311,KANAWHA
146820,Valley Cheese,Wheeling,26003,OHIO
146821,Madelynn'S Hot Spot & Cafe Iii,Morgantown,26505,MONONGALIA
146822,North End Market,Parkersburg,26101,WOOD
146823,Quick Mart #11,Kenova,25530,WAYNE
146824,American Spirirts,Mason,25260,MASON
146826,Par Mar Oil #115,Charleston,25302,KANAWHA
146812,7-Eleven #28316b,Charles Town,25414,JEFFERSON
146829,The Roberts Family Store,Kingwood,26537,PRESTON
146830,Milton Exxon,Milton,25541,CABELL
146827,Melrose Square,Princeton,24740,MERCER
146828,Village Store,Princeton,24740,MERCER
146832,7-Eleven #10673j,Ranson,25438,JEFFERSON
146831,Shop Rite,Shady Spring,25918,RALEIGH
146825,Par Mar Oil #117,Talcott,24981,SUMMERS
146833,High Life Lounge,Buckhannon,26201,UPSHUR
146834,High Life Lounge,Fairmont,26554,MARION
146835,High Life Lounge,Morgantown,26508,MONONGALIA
146836,Kendra'S Hot Spot And Grill,Fairmont,26554,MARION
146843,Yoga Power,Charleston,25301,KANAWHA
146844,One More On Route  2,Point Pleasant,25550,MASON
146842,Coleman Drive Exxon,Lewisburg,24901,GREENBRIER
146845,High Life Lounge,Elkins,26241,RANDOLPH
146846,Country Store The,Springfield,26763,HAMPSHIRE
146878,Rupert Service Center,Rupert,25984,GREENBRIER
146879,Jersey'S Llc,Mount Gay,25637,LOGAN
146873,Walmart #2610,Logan,25601,LOGAN
146847,Walmart #2474,Keyser,26726,MINERAL
146838,Walmart #5088,Triadelphia,26059,OHIO
146856,Walmart #2684,New Martinsville,26155,WETZEL
146857,Walmart #2852,Moundsville,26041,MARSHALL
146862,Walmart #4278,Quincy,25015,KANAWHA
146864,Walmart #4423,Martinsburg,25404,BERKELEY
146868,Walmart #1948,Weirton,26062,HANCOCK
146869,Walmart #2036,South Charleston,25309,KANAWHA
146871,Walmart #2566,Charles Town,25414,JEFFERSON
146880,Debbie'S Market,Jolo,24850,MCDOWELL
146884,A & R Market,Weirton,26062,HANCOCK
146882,Carpenter'S General Store,Spencer,25276,ROANE
146875,Walmart #2792,Wayne,25570,WAYNE
146870,Walmart #2083,Morgantown,26508,MONONGALIA
146867,Walmart #1544,Clarksburg,26301,HARRISON
146863,Walmart #4372,Kingwood,26537,PRESTON
146859,Walmart #2833,Grafton,26354,TAYLOR
146860,Walmart #3215,Morgantown,26501,MONONGALIA
146861,Walmart #4277,Hurricane,25526,PUTNAM
146852,Walmart #1714,Fairmont,26554,MARION
146849,Walmart #2849,Mason,25260,MASON
146855,Walmart #2823,Parkersburg,26101,WOOD
146865,Walmart #1782,Vienna,26105,WOOD
146881,St. Mary'S Galaxy Food Center,Saint Marys,26170,PLEASANTS
146877,Walmart #2810,Spencer,25276,ROANE
146876,Walmart #2809,Buckhannon,26201,UPSHUR
146874,Walmart #2696,Moorefield,26836,HARDY
146853,Walmart #1653,Weston,26452,LEWIS
146858,Walmart #1477,,26651,NICHOLAS
146850,Walmart #1499,Lewisburg,24901,GREENBRIER
146840,Walmart #6951,Sutton,26601,BRAXTON
146841,Walmart #1360,Fayetteville,25840,FAYETTE
146854,Walmart #2933,Princeton,24739,MERCER
146885,U-Bolt-Thru Llc,,26105,WOOD
146866,Walmart #1703,Martinsburg,25401,BERKELEY
146883,Jerry'S Run Food Mart #188,Apple Grove,25502,MASON
146886,Julia'S C Town,Charles Town,25414,JEFFERSON
146887,Drug Emporium,,25504,CABELL
146888,Drug Emporium,,25304,KANAWHA
146889,Drug Emporium,,25387,KANAWHA
146890,J & J Foodway Supermarket,Harpers Ferry,25425,JEFFERSON
146891,Mountaineer Pub,Martinsburg,25404,BERKELEY
146893,Convenient Food Mart,Wheeling,26003,OHIO
146895,Par Mar Oil #125,Huntington,25702,CABELL
146896,Par Mar Oil #126,Ripley,25271,JACKSON
146894,Par Mar Oil #124,Glenville,26351,GILMER
146892,Knotty Pines Club,Wheeling,26003,OHIO
146897,Hill Quick Stop,Red House,25168,PUTNAM
146898,Twisted Gun Golf Course,Wharncliffe,25651,MINGO
146900,Mountaineer Mart Ridgeley,Ridgeley,26753,MINERAL
146906,Mountaineer Mart Terra Alta,Terra Alta,26764,PRESTON
146907,Mountaineer Mart Fairmont,Fairmont,26554,MARION
146903,Mountaineer Mart Philippi,Philippi,26416,BARBOUR
146912,Mountaineer Mart Caldwell,Caldwell,24925,GREENBRIER
146910,Mountaineer Mart Summersville,Summersville,26651,NICHOLAS
146914,Bfs Foods #89,Bridgeport,26330,HARRISON
146902,Mountaineer Mart Richwood,Richwood,26261,NICHOLAS
146908,Mountaineer Mart Buckhannon,Buckhannon,26201,UPSHUR
146915,Mountaineer Mart Cooks,Buckhannon,26201,UPSHUR
146916,Mountaineer Mart Elkins,Elkins,26241,RANDOLPH
146913,Mountaineer Mart Belington,Belington,26250,BARBOUR
146904,Mountaineer Mart Salem,Salem,26426,HARRISON
146901,Mountaineer Mart Clarksburg,Clarksburg,26301,HARRISON
146899,Mountaineer Mart Weston,Weston,26452,LEWIS
146905,Mountaineer Mart Glenville,Glenville,26351,GILMER
146911,Mountaineer Mart Mount Hope,Mount Hope,25880,FAYETTE
146909,Mountaineer Mart Oak Hill,Oak Hill,25901,FAYETTE
146917,Little General Store #7710,,25313,KANAWHA
146918,Bfs Foods #93,Morgantown,26508,MONONGALIA
146919,Bunker Hill Convenience Store,,25413,BERKELEY
146920,Dean'S Variety Mart,Buckhannon,26201,UPSHUR
146921,Better Times,Moorefield,26836,HARDY
146923,Little General Store #7730,,24801,MCDOWELL
146924,Little General Store #7735,,24881,MCDOWELL
146922,Bfs Foods #94,Morgantown,26501,MONONGALIA
146925,Par Mar Oil #119,Morgantown,26508,MONONGALIA
146926,Par Mar Oil #120,Blacksville,26521,MONONGALIA
146872,Walmart #2576,Cross Lanes,25313,KANAWHA
146839,Walmart #5296,Barboursville,25504,CABELL
146837,Walmart #5319,Beckley,25801,RALEIGH
146851,Walmart #2244,Huntington,25705,CABELL
146848,Walmart #1522,Elkins,26241,RANDOLPH
146927,Speedway,South Charleston,25309,KANAWHA
146928,Little General Store #7725,,24801,MCDOWELL
146929,Poca Quick Stop,Poca,25159,PUTNAM
146930,Par Mar Oil #128,Moorefield,26836,HARDY
146931,The George'S General Store Llc,,26201,UPSHUR
146932,Bogey'S Carryout & Hot Spot,,26003,OHIO
146933,Kroger,,24970,GREENBRIER
146934,Kroger,,25962,GREENBRIER
146935,J & J Country Roads Store Llc,,24962,SUMMERS
146940,7-Eleven #25306j,Martinsburg,25401,BERKELEY
146943,7-Eleven 25306j,Martinsburg,25401,BERKELEY
146944,Capl Retail,Allentown,18101,LEHIGH
146945,Stop In #8098,Crawley,24931,GREENBRIER
146946,Stop In #8211,Lewisburg,24901,GREENBRIER
146947,Stop In #8140,Ronceverte,24970,GREENBRIER
146948,One Stop #8130,Delbarton,25670,MINGO
146949,One Stop #8520,Kenna,25248,JACKSON
146950,One Stop #8132,Delbarton,25670,MINGO
146951,One Stop #8536,Fairmont,26554,MARION
146962,One Stop #8111,Charleston,25302,KANAWHA
146963,One Stop #8508,Charleston,25311,KANAWHA
146965,One Stop #8514,Charleston,25302,KANAWHA
146967,One Stop #8129,Charleston,25312,KANAWHA
146968,One Stop #8135,Nitro,25143,KANAWHA
146970,One Stop #8513,Morgantown,26501,MONONGALIA
146971,One Stop #8110,Logan,25601,LOGAN
146980,One Stop #8134,Caldwell,24925,GREENBRIER
146975,One Stop #8102,Saint Albans,25177,KANAWHA
146976,One Stop #8103,Charleston,25313,KANAWHA
146977,One Stop #8115,Charleston,25304,KANAWHA
146974,One Stop #8534,Ashford,25009,BOONE
146979,One Stop #8507,South Charleston,25303,KANAWHA
146969,One Stop #8512,Bridgeport,26330,HARRISON
146966,One Stop #8101,South Charleston,25303,KANAWHA
146955,One Stop #8531,Princeton,24740,MERCER
146956,One Stop #8006,Whitesville,25209,BOONE
146957,One Stop #8133,Sophia,25921,RALEIGH
146959,One Stop #8533,Daniels,25832,RALEIGH
146960,One Stop #8108,Beckley,25801,RALEIGH
146961,One Stop #8107,Foster,25081,BOONE
146958,One Stop  #8522,Charleston,25314,KANAWHA
146964,One Stop #8109,South Charleston,25309,KANAWHA
146973,One Stop #8535,Omar,25638,LOGAN
146981,One Stop #8538,Delbarton,25670,MINGO
146978,One Stop #8517,South Charleston,25309,KANAWHA
146982,Par Mar Oil #129,Rockport,26169,WOOD
146983,Julia'S Bank,Martinsburg,25401,BERKELEY
146984,Grandview Market,Beaver,25813,RALEIGH
146985,Kroger,Princeton,24740,MERCER
146986,Kroger,Charleston,25302,KANAWHA
146987,No. 4 Store,Tunnelton,26444,PRESTON
146988,Gary Bantam Market,Gary,24836,MCDOWELL
146989,Food Lion,Salisbury,28147,ROWAN
146990,Food Lion #871,Shepherdstown,25443,JEFFERSON
146991,Red Lightning,Huntington,25705,CABELL
146993,Par Mar Oil #149,Middlebourne,26149,TYLER
146992,New Pickaway Store #2,Sinks Grove,24976,MONROE
146995,Sidetracked Bar & Grill,Rowlesburg,26425,PRESTON
146996,Mileground Cafe,Morgantown,26505,MONONGALIA
146994,Par Mar Oil #150,Kingwood,26537,PRESTON
146997,North Pole Ice,Clarksburg,26301,HARRISON
146998,Kroger,Hinton,25951,SUMMERS
146999,Sheetz #690,Morgantown,26505,MONONGALIA
147000,4 Sisters Market,Hundred,26575,WETZEL
147001,Food Lion #663,Charles Town,25414,JEFFERSON
147002,Food Lion #1169,Clarksburg,26301,HARRISON
147003,Food Lion #807,Berkeley Springs,25411,MORGAN
147004,Food Lion #820,Romney,26757,HAMPSHIRE
147005,7-eleven 25306b,Martinsburg,25401,BERKELEY
147007,Food Lion #1150,Nutter Fort,26301,HARRISON
147008,Food Lion #1270,Fairmont,26554,MARION
147009,Food Lion #949,Moorefield,26836,HARDY
147010,Food Lion #2194,Falling Waters,25419,BERKELEY
147011,Kendra's Hot Spot And Grill Ii,Fairmont,26554,MARION
147017,Infoplace Usa,Bridgeport,26330,HARRISON
147018,Big Apple Lounge,Inwood,25428,BERKELEY
147019,Par Mar Oil #155,Summersville,26651,NICHOLAS
147020,Rowlesburg Mercantile,Rowlesburg,26425,PRESTON
147021,Riesbeck's #20,New Martinsville,26155,WETZEL
147022,Par Mar Oil #127,Morgantown,26508,MONONGALIA
147023,Paradise Food Mart,Wheeling,26003,OHIO
147024,Buckhannon Shop N Save Express,Buckhannon,26201,UPSHUR
147025,Par Mar Oil #156,Arnoldsburg,25234,CALHOUN
147026,Bfs Foods #95,Morgantown,26508,MONONGALIA
147027,Food Lion #1167,Inwood,25428,BERKELEY
147034,7-eleven #35930a,Charleston,25304,KANAWHA
147035,T & T Grocery Llc,Tornado,25202,KANAWHA
147036,Alum Creek Quick Stop,Alum Creek,25003,LINCOLN
147037,Weis Markets #238,Martinsburg,25405,BERKELEY
147038,Shell,Lewisburg,24901,GREENBRIER
147039,Good Stuff Bar & Grill,Cross Lanes,25313,KANAWHA
147040,Black Bear Express Westridge,Morgantown,26501,MONONGALIA
